<?xml version="1.0" encoding="UTF-8"?>
<project-private xmlns="http://www.netbeans.org/ns/project-private/1">
    <editor-bookmarks xmlns="http://www.netbeans.org/ns/editor-bookmarks/2" lastBookmarkId="0"/>
    <open-files xmlns="http://www.netbeans.org/ns/projectui-open-files/2">
        <group>
            <file>file:/D:/NetBeans/Programs/Trail_Bank/src/java/controller/BankDownloadServlet.java</file>
            <file>file:/D:/NetBeans/Programs/Trail_Bank/web/index.html</file>
            <file>file:/D:/NetBeans/Programs/Trail_Bank/web/styles/main.css</file>
            <file>file:/D:/NetBeans/Programs/Trail_Bank/src/java/controller/BankServlet.java</file>
            <file>file:/D:/NetBeans/Programs/Trail_Bank/web/view/resources.html</file>
        </group>
    </open-files>
</project-private>
